PLATE,TREATMENT,TREAT.ID
1,3,1.3,THEOBROMINE
1,4,1.4,DEBRISOQUIN SULFATE
1,5,1.5,CAPTAMINE
1,6,1.6,ALPRENOLOL
1,7,1.7,ZOLMITRIPTAN
1,8,1.8,MITOTANE
2,3,2.3,ISRADIPINE
2,4,2.4,NOCODAZOLE
2,5,2.5,BUSPIRONE HYDROCHLORIDE
2,6,2.6,NICOTINE BITARTRATE
2,7,2.7,TERPENE HYDRATE
2,8,2.8,ETHYL PARABEN
3,3,3.3,CARTEOLOL HYDROCHLORIDE
3,4,3.4,TEMEFOS
3,5,3.5,LACITOL
3,6,3.6,LIOTHYRONINE (L- isomer) SODIUM
3,7,3.7,PHENOXYBENZAMINE HYDROCHLORIDE
3,8,3.8,VERAPAMIL HYDROCHLORIDE
4,3,4.3,SODIUM MONOFLUOROPHOSPHATE
4,4,4.4,GLYBURIDE
4,5,4.5,IVERMECTIN
4,6,4.6,PERMETHRIN
4,7,4.7,PODOFILOX
4,8,4.8,CREATININE
5,3,5.3,LEVODOPA
5,4,5.4,METOLAZONE
5,5,5.5,DICHLORVOS
5,6,5.6,NITRENDIPINE
5,7,5.7,TROMETHAMINE
5,8,5.8,EDITOL
6,3,6.3,OMEGA-3-ACID ESTERS (EPA shown)
6,4,6.4,DEXTROAMPHETAMINE SULFATE
6,5,6.5,DIAZOXIDE
6,6,6.6,PINACIDIL
6,7,6.7,AMIKACIN HYDRATE
6,8,6.8,AMIODARONE HYDROCHLORIDE
7,3,7.3,OXTRIPHYLLINE
7,4,7.4,SODIUM PHENYLACETATE
7,5,7.5,PITAVASTATIN CALCIUM 
7,6,7.6,DEHYDROACETIC ACID
7,7,7.7,ITRACONAZOLE HYDROCHLORIDE
7,8,7.8,MIANSERIN HYDROCHLORIDE
8,3,8.3,PENICILLAMINE
8,4,8.4,METACRESOL
8,5,8.5,ESTRAMUSTINE
8,6,8.6,CRYOFLURANE
8,7,8.7,HYDROXYAMPHETAMINE HYDROBROMIDE
8,8,8.8,CYCLAMIC ACID
9,3,9.3,DILTIAZEM HYDROCHLORIDE
9,4,9.4,PENTYLENETETRAZOL
9,5,9.5,LINDANE
9,6,9.6,EVANS BLUE
9,7,9.7,ARTESUNATE
9,8,9.8,SELEGILINE HYDROCHLORIDE
10,3,10.3,ACRIFLAVINIUM HYDROCHLORIDE
10,4,10.4,RIBOFLAVIN 5-PHOSPHATE SODIUM
10,5,10.5,EDROPHONIUM CHLORIDE
10,6,10.6,BISOCTRIZOLE
10,7,10.7,ACETOHYDROXAMIC ACID
10,8,10.8,LOPERAMIDE HYDROCHLORIDE
11,3,11.3,ACTINOQUINOL SODIUM
11,4,11.4,OXALIPLATIN
11,5,11.5,BUTYLATED HYDROXYTOLUENE
11,6,11.6,PRALIDOXIME MESYLATE
11,7,11.7,OXOLINIC ACID
11,8,11.8,CLONAZEPAM
12,3,12.3,MALATHION
12,4,12.4,OLMESARTAN
12,5,12.5,DULOXETINE HYDROCHLORIDE
12,6,12.6,NOMIFENSINE MALEATE
12,7,12.7,HEXYLENE GLYCOL
12,8,12.8,PHTHALYLSULFACETAMIDE
13,3,13.3,DACTINOMYCIN
13,4,13.4,AMYLENE HYDRATE
13,5,13.5,TRANEXAMIC ACID
13,6,13.6,DIFLORASONE DIACETATE
13,7,13.7,AUROTHIOGLUCOSE
13,8,13.8,CALCIUM GLUCEPTATE
14,3,14.3,ETHYL VANILLIN
14,4,14.4,PHENFORMIN HYDROCHLORIDE
14,5,14.5,ZILEUTON
14,6,14.6,CLOFAZIMINE
14,7,14.7,NIZATIDINE
14,8,14.8,REPAGLINIDE
15,3,15.3,PENTAGASTRIN
15,4,15.4,FELBINAC
15,5,15.5,IMEXON
15,6,15.6,THIOPENTAL SODIUM
15,7,15.7,METHYLPHENIDATE HYDROCHLORIDE
15,8,15.8,BENZYDAMINE HYDROCHLORIDE
16,3,16.3,DENATONIUM BENZOATE
16,4,16.4,RISPERIDONE
16,5,16.5,PROTIRELIN
16,6,16.6,FLUROXENE
16,7,16.7,PHYSOSTIGMINE SULFATE
16,8,16.8,TEMAZEPAM
17,3,17.3,ZALEPLON
17,4,17.4,DOXAZOSIN MESYLATE
17,5,17.5,DECAMETHONIUM BROMIDE
17,6,17.6,SOTALOL HYDROCHLORIDE
17,7,17.7,ALLYLISOTHIOCYANATE
17,8,17.8,ETHANOLAMINE OLEATE
18,3,18.3,MEGLUTOL
18,4,18.4,TAPENTADOL HYDROCHLORIDE
18,5,18.5,RABEPRAZOLE SODIUM
18,6,18.6,ISOETHARINE MESYLATE
18,7,18.7,MESALAMINE
18,8,18.8,TOCAINIDE HYDROCHLORIDE
19,3,19.3,ACESULFAME POTASSIUM
19,4,19.4,PHENOTHIAZINE
19,5,19.5,SYMCLOSENE
19,6,19.6,TILORONE
19,7,19.7,PAMABROM
19,8,19.8,FAMPRIDINE
20,3,20.3,GATIFLOXACIN
20,4,20.4,ESCITALOPRAM OXALATE
20,5,20.5,TELITHROMYCIN
20,6,20.6,TYLOSIN TARTRATE
20,7,20.7,RIBOFLAVIN
20,8,20.8,SUMATRIPTAN
21,3,21.3,ETHAMIVAN
21,4,21.4,TYLOXAPOL
21,5,21.5,PANTOTHENIC ACID(d) Na salt
21,6,21.6,HYMECHROME
21,7,21.7,OCTOCRYLENE
21,8,21.8,CLOMIPRAMINE HYDROCHLORIDE
22,3,22.3,COLISTIN SULFATE
22,4,22.4,ETHYNODIOL DIACETATE
22,5,22.5,BUTYL PARABEN
22,6,22.6,ENILCONAZOLE SULFATE
22,7,22.7,MODALINE SULFATE
22,8,22.8,PIMAGEDINE HYDROCHLORIDE
23,3,23.3,PIMAGEDINE HYDROCHLORIDE
23,4,23.4,CHLORMEZANONE
23,5,23.5,ARSENIC TRIOXIDE DIETHANOLAMINE SALT
23,6,23.6,ORNIDAZOLE
23,7,23.7,IMIPENEM
23,8,23.8,DARIFENACIN HYDROBROMIDE
24,3,24.3,ADRENALONE HYDROCHLORIDE
24,4,24.4,ISOVALERAMIDE
24,5,24.5,ISOBUTAMBEN
24,6,24.6,ASTEMIZOLE
24,7,24.7,BENZBROMARONE
24,8,24.8,OXANTEL PAMOATE
25,3,25.3,METYRAPONE
25,4,25.4,BISOPROLOL FUMARATE
25,5,25.5,DIMETHYL FUMARATE
25,6,25.6,LEVCYCLOSERINE
25,7,25.7,ELETRIPTAN HYDROBROMIDE
25,8,25.8,TACRINE HYDROCHLORIDE
26,3,26.3,BROMPERIDOL
26,4,26.4,PHENFORMIN HYDROCHLORIDE
26,5,26.5,MOLINDONE HYDROCHLORIDE
26,6,26.6,PENTETIC ACID
26,7,26.7,NIKETHAMIDE
26,8,26.8,CASANTHRANOL [cascaroside A shown]
27,3,27.3,DIETHYLTOLUAMIDE
27,4,27.4,ACECAINIDE HYDROCHLORIDE
27,5,27.5,CYPROHEPTADINE HYDROCHLORIDE
27,6,27.6,PROTRYPTYLINE HYDROCHLORIDE
27,7,27.7,NICORANDIL
27,8,27.8,SULFADOXINE
28,3,28.3,FOMEPIZOLE
28,4,28.4,EPRODISATE DISODIUM
28,5,28.5,THIAMYLAL SODIUM
28,6,28.6,TOREMIFENE CITRATE
28,7,28.7,CISAPRIDE
28,8,28.8,ARSANILIC ACID
29,3,29.3,ANTIMONY POTASSIUM TARTRATE TRIHYDRATE
29,4,29.4,FLUDARABINE PHOSPHATE
29,5,29.5,RETINYL PALMITATE
29,6,29.6,ASCORBYL PALMITATE
29,7,29.7,TOPIRAMATE
29,8,29.8,IRINOTECAN HYDROCHLORIDE
30,3,30.3,ETOMIDATE
30,4,30.4,PANTHENOL (dl)
30,5,30.5,ROLITETRACYCLINE
30,6,30.6,MUPIROCIN
30,7,30.7,CHLOROPHYLLIDE Cu COMPLEX Na SALT
30,8,30.8,ERYTHROSINE SODIUM
31,3,31.3,GEMIFLOXACIN MESYLATE
31,4,31.4,SITAGLIPTIN MONOPHOSPHATE MONOHYDRATE
31,5,31.5,FLORFENICOL
31,6,31.6,RONNEL
31,7,31.7,PROPARACAINE HYDROCHLORIDE
31,8,31.8,TEICOPLANIN [A(2-1) shown]
32,3,32.3,DESOXYMETASONE
32,4,32.4,GLYCOPYRROLATE
32,5,32.5,PRAVASTATIN SODIUM
32,6,32.6,ZINC UNDECYLENATE [4mM]
32,7,32.7,FLUVOXAMINE MALEATE
32,8,32.8,VINCRISTINE SULFATE
33,3,33.3,PIPAMPERONE
33,4,33.4,EPIRUBICIN HYDROCHLORIDE
33,5,33.5,BETAMETHASONE ACETATE
33,6,33.6,GUANADREL SULFATE
33,7,33.7,GABAPENTIN
33,8,33.8,PIRENPERONE
34,3,34.3,LAMOTRIGINE
34,4,34.4,TRIENTINE HYDROCHLORIDE
34,5,34.5,PEFLOXACINE MESYLATE
34,6,34.6,VECURONIUM BROMIDE
34,7,34.7,BETAMETHASONE SODIUM PHOSPHATE
34,8,34.8,OCTISALATE
35,3,35.3,ALISKIREN HEMIFUMARATE
35,4,35.4,ARIPIPRAZOLE
35,5,35.5,MIFEPRISTONE
35,6,35.6,TICLOPIDINE HYDROCHLORIDE
35,7,35.7,NETILMICIN SULFATE
35,8,35.8,ACAMPROSATE CALCIUM
36,3,36.3,NATAMYCIN
36,4,36.4,TRICHLORFON
36,5,36.5,METFORMIN HYDROCHLORIDE
36,6,36.6,SUPROFEN
36,7,36.7,RALOXIFENE HYDROCHLORIDE
36,8,36.8,TICARCILLIN DISODIUM
37,3,37.3,OMEPRAZOLE
37,4,37.4,PREDNISOLONE SODIUM PHOSPHATE
37,5,37.5,DESONIDE
37,6,37.6,DIATRIZOIC ACID
37,7,37.7,FLUOROMETHOLONE
37,8,37.8,ATRACURIUM BESYLATE
38,3,38.3,CEFPODOXIME PROXETIL
38,4,38.4,TETRAMIZOLE HYDROCHLORIDE
38,5,38.5,FlUMAZENIL
38,6,38.6,PREGNENOLONE SUCCINATE
38,7,38.7,MELENGESTROL ACETATE
38,8,38.8,BEPHENIUM HYDROXYNAPTHOATE
39,3,39.3,BUTYLATED HYDROXYANISOLE
39,4,39.4,EXEMESTANE
39,5,39.5,TADALAFIL
39,6,39.6,TOLTRAZURIL
39,7,39.7,ALTRENOGEST
39,8,39.8,SODIUM PHENYLBUTYRATE
40,3,40.3,ENTACAPONE
40,4,40.4,MANIDIPINE HYDROCHLORIDE
40,5,40.5,LOVASTATIN
40,6,40.6,PROSCILLARIDIN A
40,7,40.7,EQUILIN
40,8,40.8,TIBOLONE
41,3,41.3,FINASTERIDE
41,4,41.4,RIBAVIRIN
41,5,41.5,NEBIVOLOL HYDROCHLORIDE
41,6,41.6,PYRETHRINS
41,7,41.7,PROPIOLACTONE
41,8,41.8,TIGECYCLINE
42,3,42.3,TRAMADOL HYDROCHLORIDE
42,4,42.4,ATROPINE OXIDE
42,5,42.5,ACETOHEXAMIDE
42,6,42.6,PARAMETHADIONE
42,7,42.7,PREDNISOLONE HEMISUCCINATE
42,8,42.8,UNDECYLENIC ACID
43,3,43.3,OLANZAPINE
43,4,43.4,RIVASTIGMINE TARTRATE
43,5,43.5,NISOLDIPINE
43,6,43.6,BENURESTAT
43,7,43.7,ETHOXZOLAMIDE
43,8,43.8,HYDROCORTISONE VALERATE
44,3,44.3,PREDNISOLONE TEBUTATE
44,4,44.4,DISOPYRAMIDE PHOSPHATE
44,5,44.5,BENOXINATE HYDROCHLORIDE
44,6,44.6,BICALUTAMIDE
44,7,44.7,MONTELUKAST SODIUM
44,8,44.8,DECOQUINATE [5mM]
45,3,45.3,ETHOTOIN
45,4,45.4,LOBENDAZOLE
45,5,45.5,PYRIDOXINE
45,6,45.6,CEFONICID SODIUM
45,7,45.7,BETAXALOL HYDROCHLORIDE
45,8,45.8,FLUOXETINE
46,3,46.3,TERBINAFINE HYDROCHLORIDE
46,4,46.4,BISMUTH SUBSALICYLATE
46,5,46.5,AMOXAPINE
46,6,46.6,METHSUXIMIDE
46,7,46.7,PHENSUCCIMIDE
46,8,46.8,IFOSFAMIDE
47,3,47.3,BIPERIDEN
47,4,47.4,PENBUTOLOL SULFATE
47,5,47.5,DESLORATIDINE
47,6,47.6,BENZOYLPAS
47,7,47.7,FLUROTHYL
47,8,47.8,METHYLENE BLUE
48,3,48.3,RIMANTADINE HYDROCHLORIDE
48,4,48.4,DOXORUBICIN
48,5,48.5,FULVESTRANT
48,6,48.6,AMINOPENTAMIDE SULFATE
48,7,48.7,MOXIDECTIN
48,8,48.8,BROMINDIONE
49,3,49.3,FOMEPIZOLE HYDROCHLORIDE
49,4,49.4,METHYLATROPINE NITRATE
49,5,49.5,SULFISOXAZOLE ACETYL
49,6,49.6,MILRINONE
49,7,49.7,CITICOLINE
49,8,49.8,GENTAMICIN
50,3,50.3,FLUORESCEIN
50,4,50.4,BURAMATE
50,5,50.5,GLIPIZIDE
50,6,50.6,NAFTIFINE HYDROCHLORIDE
50,7,50.7,SULISOBENZONE
50,8,50.8,METHYSERGIDE MALEATE
51,3,51.3,DILOXANIDE FUROATE
51,4,51.4,TIOCONAZOLE
51,5,51.5,NIACINAMIDE
51,6,51.6,CAPOBENIC ACID
51,7,51.7,HALOTHANE
51,8,51.8,MINOXIDIL HYDROCHLORIDE
52,3,52.3,AMMONIUM LACTATE
52,4,52.4,HYDRALAZINE HYDROCHLORIDE
52,5,52.5,DOXAPRAM HYDROCHLORIDE
52,6,52.6,GUANETHIDINE
52,7,52.7,PHENYLETHYL ALCOHOL
52,8,52.8,DEXPANTHENOL
53,3,53.3,GUANFACINE HYDROCHLORIDE
53,4,53.4,NITHIAMIDE
53,5,53.5,TRICLOSAN
53,6,53.6,SOLIFENACIN SUCCINATE
53,7,53.7,DYDROGESTERONE
53,8,53.8,ERGOTAMINE TARTRATE
54,3,54.3,OXYBUTYNIN CHLORIDE
54,4,54.4,ETHOPABATE
54,5,54.5,D-LACTITOL MONOHYDRATE
54,6,54.6,PRALIDOXIME CHLORIDE
54,7,54.7,TRIMETHADIONE
54,8,54.8,ACEPROMAZINE MALEATE
55,3,55.3,FENOLDOPAM MESYLATE
55,4,55.4,ANAGRELIDE HYDROCHLORIDE
55,5,55.5,PROPOFOL
55,6,55.6,ESTROPIPATE
55,7,55.7,AMLODIPINE BESYLATE
55,8,55.8,PERINDOPRIL ERBUMINE
56,3,56.3,TELMISARTAN
56,4,56.4,OXFENDAZOLE
56,5,56.5,LINAGLIPTIN HYDROCHLORIDE
56,6,56.6,MOMETASONE FUROATE
56,7,56.7,MESORIDAZINE BESYLATE
56,8,56.8,AZTREONAM
57,3,57.3,EZETIMIBE
57,4,57.4,ROSUVASTATIN CALCIUM
57,5,57.5,SERTRALINE HYDROCHLORIDE
57,6,57.6,AMITRAZ
57,7,57.7,PAROXETINE HYDROCHLORIDE
57,8,57.8,VALACYCLOVIR HYDROCHLORIDE
58,3,58.3,ARTEMETHER
58,4,58.4,CLAVULANATE LITHIUM
58,5,58.5,ALMOTRIPTAN
58,6,58.6,RAMIPRIL
58,7,58.7,ALFUZOSIN HYDROCHLORIDE
58,8,58.8,ASPARTAME
59,3,59.3,AZELASTINE HYDROCHLORIDE
59,4,59.4,ZOLPIDEM
59,5,59.5,LOXAPINE SUCCINATE
59,6,59.6,ETIDRONATE DISODIUM
59,7,59.7,OLMESARTAN MEDOXOMIL
59,8,59.8,TEGASEROD MALEATE
60,3,60.3,TRANDOLAPRIL
60,4,60.4,BIFONAZOLE
60,5,60.5,KETANSERIN TARTRATE
60,6,60.6,CETIRIZINE HYDROCHLORIDE
60,7,60.7,FLUBENDAZOLE
60,8,60.8,ACARBOSE
61,3,61.3,CEFTIBUTEN
61,4,61.4,DERACOXIB
61,5,61.5,OXAPROZIN
61,6,61.6,SARAFLOXACIN HYDROCHLORIDE
61,7,61.7,FIROCOXIB
61,8,61.8,VARDENAFIL HYDROCHLORIDE
62,3,62.3,TILMICOSIN
62,4,62.4,QUETIAPINE
62,5,62.5,CEFDINIR
62,6,62.6,CILOSTAZOL
62,7,62.7,PROPRANOLOL HYDROCHLORIDE (+/-)
62,8,62.8,CLOPIDOL
63,3,63.3,CEFDITORIN PIVOXIL
63,4,63.4,ACEDAPSONE
63,5,63.5,FLUNIXIN MEGLUMINE
63,6,63.6,BEMOTRIZINOL
63,7,63.7,VALSARTAN
63,8,63.8,CANRENONE
64,3,64.3,CROTAMITON
64,4,64.4,RIFAXIMIN
64,5,64.5,MODAFINIL
64,6,64.6,ATOMOXETINE HYDROCHLORIDE
64,7,64.7,CLIOQUINOL
64,8,64.8,BENAZEPRIL HYDROCHLORIDE
65,3,65.3,SIBUTRAMINE HYDROCHLORIDE
65,4,65.4,APRAMYCIN SULFATE
65,5,65.5,NONOXYNOL-9
65,6,65.6,CHLORMADINONE ACETATE
65,7,65.7,CEFPROZIL
65,8,65.8,CANDICIDIN
66,3,66.3,CLORSULON
66,4,66.4,FAMCICLOVIR
66,5,66.5,TORSEMIDE
66,6,66.6,HYDROXYCHLOROQUINE SULFATE
66,7,66.7,CARBADOX
66,8,66.8,OXICONAZOLE NITRATE
67,3,67.3,RANOLAZINE
67,4,67.4,LEVOBUNOLOL HYDROCHLORIDE
67,5,67.5,ALOGLIPTIN BENZOATE
67,6,67.6,TANNIC ACID
67,7,67.7,CITALOPRAM HYDROBROMIDE
67,8,67.8,CHLOROGUANIDE HYDROCHLORIDE
68,3,68.3,CARVEDILOL
68,4,68.4,DEXLANSOPRAZOLE
68,5,68.5,FENOFIBRIC ACID
68,6,68.6,LINACLOTIDE (1 mg/ml)
68,7,68.7,TACROLIMUS
68,8,68.8,TEPOXALIN
69,3,69.3,ASPARAGINE (L) HYDRATE
69,4,69.4,TRIMETOZINE
69,5,69.5,NATEGLINIDE
69,6,69.6,ARMODAFINIL
69,7,69.7,CARVEDILOL PHOSPHATE
69,8,69.8,CLOSANTEL
70,3,70.3,FLUCONAZOLE
70,4,70.4,AZILSARTAN MEDOXOMIL
70,5,70.5,BUPROPION
70,6,70.6,ACRISORCIN
70,7,70.7,IRBESARTAN
70,8,70.8,FEBUXOSTAT
71,3,71.3,VILAZODONE HYDROCHLORIDE
71,4,71.4,FLUVASTATIN
71,5,71.5,RAMELTEON
71,6,71.6,BUTOCONAZOLE
71,7,71.7,CEFUROXIME AXETIL
71,8,71.8,CYSTEAMINE HYDROCHLORIDE
72,3,72.3,LEVOFLOXACIN
72,4,72.4,ORLISTAT
72,5,72.5,TRILOSTANE
72,6,72.6,OSELTAMIVIR PHOSPHATE
72,7,72.7,BROMPHENIRAMINE MALEATE
72,8,72.8,ACETRIAZOIC ACID
73,3,73.3,FEXOFENADINE HYDROCHLORIDE
73,4,73.4,METAXALONE
73,5,73.5,CANDESARTAN CILEXTIL
73,6,73.6,MOXIFLOXACIN HYDROCHLORIDE
73,7,73.7,MYCOPHENOLATE MOFETIL
73,8,73.8,LEVOCETIRIZINE DIHYDROCHLORIDE
74,3,74.3,SIROLIMUS
74,4,74.4,DIRITHROMYCIN
74,5,74.5,TRIFLURIDINE
74,6,74.6,CLARITHROMYCIN
74,7,74.7,AZAPERONE
74,8,74.8,ENROFLOXACIN
75,3,75.3,MILNACIPRAN HYDROCHLORIDE
75,4,75.4,GLIMEPIRIDE
75,5,75.5,SENNOSIDE A
75,6,75.6,MEPIVACAINE HYDROCHLORIDE
75,7,75.7,AMINOLEVULINIC ACID HYDROCHLORIDE
75,8,75.8,ROFECOXIB
76,3,76.3,LOSARTAN
76,4,76.4,TRIBROMOETHANOL
76,5,76.5,IBANDRONATE SODIUM
76,6,76.6,OCTINOXATE
76,7,76.7,ETHYLNOREPINEPHRINE HYDROCHLORIDE
76,8,76.8,MELOXICAM SODIUM
77,3,77.3,RIVAROXABAN
77,4,77.4,SIMVASTATIN
77,5,77.5,LITHIUM CITRATE
77,6,77.6,PIOGLITAZONE HYDROCHLORIDE
77,7,77.7,AZITHROMYCIN
77,8,77.8,MANGAFODIPIR TRISODIUM
78,3,78.3,TENIPOSIDE
78,4,78.4,NILUTAMIDE
78,5,78.5,AVOBENZONE
78,6,78.6,HYDROQUINONE
78,7,78.7,MIGLITOL
78,8,78.8,DONEPEZIL HYDROCHLORIDE
79,3,79.3,MEPHENTERMINE SULFATE
79,4,79.4,FLUCYTOSINE
79,5,79.5,SILDENAFIL CITRATE
79,6,79.6,VENLAFAXINE HYDROCHLORIDE
79,7,79.7,ATOVAQUONE
79,8,79.8,OXCARBAZEPINE
80,3,80.3,DESVENLAFAXINE SUCCINATE
80,4,80.4,FELODIPINE
80,5,80.5,CEFTIOFUR HYDROCHLORIDE
80,6,80.6,LEVALBUTEROL HYDROCHLORIDE
80,7,80.7,SPIRAMYCIN
80,8,80.8,BENZALKONIUM CHLORIDE
81,3,81.3,MEPHENYTOIN
81,4,81.4,AMCINONIDE
81,5,81.5,LAMIVUDINE
81,6,81.6,PHYTONADIONE [5mM]
81,7,81.7,PENFLURIDOL
81,8,81.8,LEVOCARNITINE
82,3,82.3,ESZOPICLONE
82,4,82.4,PENTOXIFYLLINE
82,5,82.5,CLOPIDOGREL SULFATE
82,6,82.6,BUPIVACAINE HYDROCHLORIDE
82,7,82.7,QUINAPRILAT
82,8,82.8,PREGABALIN HYDROCHLORIDE
83,3,83.3,QUINETHAZONE
83,4,83.4,IOPANIC ACID
83,5,83.5,CHOLINE CHLORIDE
83,6,83.6,CIPROFLOXACIN
83,7,83.7,LORATADINE
83,8,83.8,DROSPIRENONE
84,3,84.3,NEVIRAPINE
84,4,84.4,CARBARSONE
84,5,84.5,TILETAMINE HYDROCHLORIDE
84,6,84.6,KETOROLAC TROMETHAMINE
84,7,84.7,CLOFIBRATE
84,8,84.8,BACLOFEN HYDROCHLORIDE (+/-)
85,3,85.3,SELAMECTIN
85,4,85.4,ECAMSULE TRIETHANOLAMINE
85,5,85.5,NITAZOXANIDE
85,6,85.6,CEFPIRAMIDE
85,7,85.7,DOCUSATE SODIUM
85,8,85.8,LANSOPRAZOLE
86,3,86.3,RESORCINOL MONOACETATE
86,4,86.4,NABUMETONE
86,5,86.5,ATORVASTATIN CALCIUM
86,6,86.6,ENALAPRILAT
86,7,86.7,COLESEVALAM HYDROCHLORIDE (high mol wt copolymer @ 5mg/ml)
86,8,86.8,VALGANCICLOVIR HYDROCHLORIDE
87,3,87.3,RISEDRONATE SODIUM
87,4,87.4,LEFLUNOMIDE
87,5,87.5,NIMODIPINE
87,6,87.6,CELECOXIB
87,7,87.7,DICLORALUREA
87,8,87.8,GADOTERIDOL
88,3,88.3,TERCONAZOLE
88,4,88.4,TAURINE
88,5,88.5,DABIGATRAN ETEXILATE MESYLATE
88,6,88.6,MEXILETINE HYDROCHLORIDE
88,7,88.7,ACYCLOVIR
88,8,88.8,ALENDRONATE SODIUM
89,3,89.3,CHLORINDANOL
89,4,89.4,IODIXANOL
89,5,89.5,VIOMYCIN SULFATE
89,6,89.6,SUCRALFATE [5mM]
89,7,89.7,ALBENDAZOLE
89,8,89.8,MORANTEL CITRATE
90,3,90.3,PANTOPRAZOLE
90,4,90.4,BLEOMYCIN (bleomycin B2 shown)
90,5,90.5,CEFTAZIDIME
90,6,90.6,BENZOXIQUINE
90,7,90.7,ZIPRASIDONE MESYLATE
90,8,90.8,THONZONIUM BROMIDE
91,3,91.3,PACLITAXEL
91,4,91.4,OXYPHENCYCLIMINE HYDROCHLORIDE
91,5,91.5,THALIDOMIDE
91,6,91.6,ANETHOLE
91,7,91.7,COLFORSIN
91,8,91.8,IOVERSOL
92,3,92.3,ACETOPHENAZINE MALEATE
92,4,92.4,PIPERACETAZINE
92,5,92.5,BUTACAINE
92,6,92.6,PERPHENAZINE
92,7,92.7,ROCURONIUM BROMIDE
92,8,92.8,TERFENADINE
93,3,93.3,ISOSORBIDE MONONITRATE
93,4,93.4,IOXILAN
93,5,93.5,TOPOTECAN HYDROCHLORIDE
93,6,93.6,PIROCTONE OLAMINE
93,7,93.7,CLOBETASOL PROPIONATE
93,8,93.8,PROPAFENONE HYDROCHLORIDE
94,3,94.3,BETAINE HYDROCHLORIDE
94,4,94.4,QUINAPRIL HYDROCHLORIDE
94,5,94.5,BROMHEXINE HYDROCHLORIDE
94,6,94.6,CHLOROXINE
94,7,94.7,PERHEXILINE MALEATE
94,8,94.8,METARAMINOL BITARTRATE
95,3,95.3,PAROMOMYCIN SULFATE
95,4,95.4,THIRAM
95,5,95.5,BIOTIN
95,6,95.6,FLUTICASONE PROPIONATE
95,7,95.7,CARMUSTINE
95,8,95.8,CHLORPROTHIXENE HYDROCHLORIDE
96,3,96.3,METHAPYRILENE HYDROCHLORIDE
96,4,96.4,METHAZOLAMIDE
96,5,96.5,TRANILAST
96,6,96.6,THIOTEPA
96,7,96.7,AKLOMIDE
96,8,96.8,AMIFOSTINE
97,3,97.3,CEFTRIAXONE SODIUM TRIHYDRATE
97,4,97.4,CINNARAZINE
97,5,97.5,MEPRYLCAINE HYDROCHLORIDE
97,6,97.6,METHYLBENZETHONIUM CHLORIDE
97,7,97.7,PRILOCAINE HYDROCHLORIDE
97,8,97.8,TETROQUINONE
98,3,98.3,MONOBENZONE
98,4,98.4,INAMRINONE
98,5,98.5,VINPOCETINE
98,6,98.6,CYCLOBENZAPRINE HYDROCHLORIDE
98,7,98.7,HALCINONIDE
98,8,98.8,METHYLPREDNISOLONE SODIUM SUCCINATE
99,3,99.3,HYDROCORTISONE BUTYRATE
99,4,99.4,SULFANITRAN
99,5,99.5,NICOTINYL ALCOHOL TARTRATE
99,6,99.6,TIAPRIDE HYDROCHLORIDE
99,7,99.7,TRIMIPRAMINE MALEATE
99,8,99.8,DANTROLENE SODIUM
100,3,100.3,HYCANTHONE
100,4,100.4,AMSACRINE
100,5,100.5,ROXITHROMYCIN
100,6,100.6,OXIBENDAZOLE
100,7,100.7,FLOXURIDINE
100,8,100.8,GLUCONOLACTONE
101,3,101.3,RITANSERIN
101,4,101.4,"BETAMETHASONE 17,21-DIPROPIONATE"
101,5,101.5,PYRIDOSTIGMINE BROMIDE
101,6,101.6,MIDODRINE HYDROCHLORIDE
101,7,101.7,MITOXANTRONE HYDROCHLORIDE
101,8,101.8,PIPOBROMAN
102,3,102.3,ALTRETAMINE
102,4,102.4,AZLOCILLIN SODIUM
102,5,102.5,TRAZODONE HYDROCHLORIDE
102,6,102.6,IMIQUIMOD HYDROCHLORIDE
102,7,102.7,ISOXICAM
102,8,102.8,NADOLOL
103,3,103.3,OXETHAZAINE
103,4,103.4,NAFRONYL OXALATE
103,5,103.5,AMINOHIPPURIC ACID
103,6,103.6,BACAMPICILLIN HYDROCHLORIDE
103,7,103.7,THONZYLAMINE HYDROCHLORIDE
103,8,103.8,EDOXUDINE
104,3,104.3,LABETALOL HYDROCHLORIDE
104,4,104.4,NALTREXONE HYDROCHLORIDE
104,5,104.5,DIPYRONE
104,6,104.6,QUIPAZINE MALEATE
104,7,104.7,MEFLOQUINE
104,8,104.8,BENDROFLUMETHIAZIDE
105,3,105.3,THIAMPHENICOL
105,4,105.4,ENOXACIN
105,5,105.5,LASALOCID SODIUM
105,6,105.6,CYCLOTHIAZIDE
105,7,105.7,SULFANILATE ZINC
105,8,105.8,CAPREOMYCIN SULFATE [4mM]
106,3,106.3,ADIPHENINE HYDROCHLORIDE
106,4,106.4,BEPRIDIL HYDROCHLORIDE
106,5,106.5,TENOXICAM
106,6,106.6,ETHISTERONE
106,7,106.7,LEVAMISOLE HYDROCHLORIDE
106,8,106.8,NICLOSAMIDE
107,3,107.3,URETHANE
107,4,107.4,HOMOSALATE
107,5,107.5,MONENSIN SODIUM
107,6,107.6,DIAVERIDINE
107,7,107.7,PROCARBAZINE HYDROCHLORIDE
107,8,107.8,LOMEFLOXACIN
108,3,108.3,DIFLOXACIN HYDROCHLORIDE
108,4,108.4,AMLEXANOX
108,5,108.5,PEMETREXED
108,6,108.6,CEFMENOXIME HYDROCHLORIDE
108,7,108.7,SODIUM GLUCONATE
108,8,108.8,LOMUSTINE
109,3,109.3,QUINESTROL
109,4,109.4,URACIL
109,5,109.5,ZALCITABINE
109,6,109.6,AMPROLIUM
109,7,109.7,VORTOXETINE
109,8,109.8,CEFORANIDE
110,3,110.3,LEVETIRACETAM
110,4,110.4,LORNOXICAM
110,5,110.5,RACTOPAMINE HYDROCHLORIDE
110,6,110.6,VORICONAZOLE
110,7,110.7,ESOMEPRAZOLE POTASSIUM
110,8,110.8,MARBOFLOXACIN
111,3,111.3,DIHYDROSTREPTOMYCIN [5mM]
111,4,111.4,CEFOTETAN
111,5,111.5,alpha-TOCHOPHEROL [4 mM]
111,6,111.6,IOHEXOL
111,7,111.7,RASAGILINE
111,8,111.8,DICLAZURIL
112,3,112.3,GANCICLOVIR
112,4,112.4,DOCOSANOL
112,5,112.5,ANTAZOLINE
112,6,112.6,CLINAFOXACIN HYDROCHLORIDE
112,7,112.7,CAPECITABINE
112,8,112.8,MEROPENEM
113,3,113.3,ROXATIDINE ACETATE HYDROCHLORIDE
113,4,113.4,IDOXURIDINE
113,5,113.5,DEXIBUPROFEN
113,6,113.6,EPRINOMECTIN
113,7,113.7,OFLOXACIN
113,8,113.8,ONDANSETRON
114,3,114.3,NEFAZODONE HYDROCHLORIDE
114,4,114.4,SERATRODAST
114,5,114.5,ABACAVIR SULFATE
114,6,114.6,PIZOTYLINE MALATE
114,7,114.7,FENCLONINE (+/-)
114,8,114.8,NITARSONE
115,3,115.3,CINROMIDE
115,4,115.4,TANDUTINIB
115,5,115.5,NIFURSOL
115,6,115.6,SPARFLOXACIN
115,7,115.7,LEVONORGESTREL
115,8,115.8,AMOROLFINE HYDROCHLORIDE
116,3,116.3,LINEZOLID
116,4,116.4,ACENOCOUMAROL
116,5,116.5,CINTRIAMIDE
116,6,116.6,ANASTROZOLE
116,7,116.7,PALIPERIDONE
116,8,116.8,STAVUDINE
117,3,117.3,LEVOSIMENDAN
117,4,117.4,FLECAINIDE ACETATE
117,5,117.5,LUMIRACOXIB
117,6,117.6,BALSALAZIDE DISODIUM
117,7,117.7,BENZOIC ACID
117,8,117.8,THIAMINE
118,3,118.3,PENCICLOVIR
118,4,118.4,SULBACTAM
118,5,118.5,LOFEXIDINE  HYDROCHLORIDE
118,6,118.6,CANDESARTAN
118,7,118.7,DIPERODON HYDROCHLORIDE
118,8,118.8,BRINZOLAMIDE
119,3,119.3,BENZYL BENZOATE
119,4,119.4,TEMOZOLAMIDE
119,5,119.5,VIGABATRIN
119,6,119.6,TAZOBACTAM
119,7,119.7,DOXOFYLLINE
119,8,119.8,ADAPALENE
120,3,120.3,OLSALAZINE SODIUM
120,4,120.4,CEFEPIME HYDROCHLORIDE
120,5,120.5,BENZOYL PEROXIDE
120,6,120.6,ROSIGLITAZONE MALEATE
120,7,120.7,SULFAQUINOXALINE SODIUM
120,8,120.8,SULFAMETHOXYPYRIDAZINE
121,3,121.3,GALANTAMINE
121,4,121.4,ISOTRETINON
121,5,121.5,CEFOXITIN SODIUM
121,6,121.6,DAPAGLIFLOZIN
121,7,121.7,CARBIDOPA
121,8,121.8,NICERGOLINE
122,3,122.3,alpha-TOCHOPHERYL ACETATE [4mM]
122,4,122.4,PIMOZIDE
122,5,122.5,SULCONAZOLE NITRATE
122,6,122.6,FLURANDRENOLIDE
122,7,122.7,LANATOSIDE C
122,8,122.8,TRETINOIN
123,3,123.3,CEFUROXIME SODIUM
123,4,123.4,PROADIFEN HYDROCHLORIDE
123,5,123.5,ETHOSUXIMIDE
123,6,123.6,NICARDIPINE HYDROCHLORIDE
123,7,123.7,RITODRINE HYDROCHLORIDE
123,8,123.8,ERYTHROMYCIN ESTOLATE
124,3,124.3,ENALAPRIL MALEATE
124,4,124.4,BRETYLIUM TOSYLATE
124,5,124.5,NARASIN
124,6,124.6,CARBOPLATIN
124,7,124.7,PIPERIDOLATE HYDROCHLORIDE
124,8,124.8,NEFOPAM
125,3,125.3,SULPIRIDE
125,4,125.4,ESTRADIOL BENZOATE
125,5,125.5,KETOPROFEN
125,6,125.6,FOSCARNET SODIUM
125,7,125.7,CEFAMANDOLE SODIUM
125,8,125.8,CISPLATIN
126,3,126.3,ANISINDIONE
126,4,126.4,PIRENZEPINE HYDROCHLORIDE
126,5,126.5,RANITIDINE HYDROCHLORIDE
126,6,126.6,ECONAZOLE NITRATE
126,7,126.7,LISINOPRIL
126,8,126.8,FOLIC ACID
127,3,127.3,FOSFOMYCIN CALCIUM
127,4,127.4,ZIDOVUDINE [AZT]
127,5,127.5,CYCLOSPORINE
127,6,127.6,PRAMOXINE HYDROCHLORIDE
127,7,127.7,SPIPERONE
127,8,127.8,FLUNISOLIDE
128,3,128.3,BUMETANIDE
128,4,128.4,PHTHALYLSULFATHIAZOLE
128,5,128.5,CEFMETAZOLE SODIUM
128,6,128.6,AZACITIDINE
128,7,128.7,TROLEANDOMYCIN
128,8,128.8,MEPHENESIN
129,3,129.3,SULOCTIDIL
129,4,129.4,FLUMETHASONE
129,5,129.5,CARBENOXOLONE SODIUM
129,6,129.6,SUCCINYLSULFATHIAZOLE
129,7,129.7,CEFAMANDOLE NAFATE
129,8,129.8,CYCLOHEXIMIDE
130,3,130.3,ASCORBIC ACID
130,4,130.4,SULFACHLORPYRIDAZINE
130,5,130.5,RONIDAZOLE
130,6,130.6,XYLAZINE
130,7,130.7,CARPROFEN
130,8,130.8,CEPHALEXIN
131,3,131.3,CEFOPERAZONE
131,4,131.4,AZASERINE
131,5,131.5,MENADIONE
131,6,131.6,SULFADIMETHOXINE
131,7,131.7,SULFAMETER
131,8,131.8,TOLAZAMIDE
132,3,132.3,AVANAFIL
132,4,132.4,CEFSULODIN SODIUM
132,5,132.5,BEZAFIBRATE
132,6,132.6,TINIDAZOLE
132,7,132.7,SALICIN
132,8,132.8,VIDARABINE
133,3,133.3,STRYCHNINE SULFATE
133,4,133.4,ALBUTEROL
133,5,133.5,CEFACLOR
133,6,133.6,"CANRENOIC ACID, POTASSIUM SALT"
133,7,133.7,FLUNARIZINE HYDROCHLORIDE
133,8,133.8,FLUFENAMIC ACID
134,3,134.3,MEBEVERINE HYDROCHLORIDE
134,4,134.4,VINBLASTINE SULFATE
134,5,134.5,DICUMAROL
134,6,134.6,ARECOLINE HYDROBROMIDE
134,7,134.7,IODIPAMIDE
134,8,134.8,CHENODIOL
135,3,135.3,FLUPHENAZINE HYDROCHLORIDE
135,4,135.4,FENBENDAZOLE
135,5,135.5,MECLOCYCLINE SULFOSALICYLATE
135,6,135.6,WARFARIN
135,7,135.7,YOHIMBINE HYDROCHLORIDE
135,8,135.8,CAPTOPRIL
136,3,136.3,LEVOTHYROXINE
136,4,136.4,CHOLECALCIFEROL
136,5,136.5,FLUTAMIDE
136,6,136.6,FENSPIRIDE HYDROCHLORIDE
136,7,136.7,PROGLUMIDE
136,8,136.8,XYLOMETAZOLINE HYDROCHLORIDE
137,3,137.3,ACEBUTOLOL HYDROCHLORIDE
137,4,137.4,CIMETIDINE
137,5,137.5,LIOTHYRONINE
137,6,137.6,CYANOCOBALAMIN
137,7,137.7,DROPERIDOL
137,8,137.8,MEFENAMIC ACID
138,3,138.3,MINAPRINE HYDROCHLORIDE
138,4,138.4,ZOMEPIRAC SODIUM
138,5,138.5,ADENOSINE PHOSPHATE
138,6,138.6,CLOZAPINE
138,7,138.7,ALLANTOIN
138,8,138.8,CHOLESTEROL
139,3,139.3,FAMOTIDINE
139,4,139.4,METHACYCLINE HYDROCHLORIDE
139,5,139.5,MEMANTINE HYDROCHLORIDE
139,6,139.6,MERBROMIN
139,7,139.7,KETOTIFEN FUMARATE
139,8,139.8,"HYDRASTINE (1R, 9S)"
140,3,140.3,ALTHIAZIDE
140,4,140.4,PIPERINE
140,5,140.5,ETODOLAC
140,6,140.6,PUROMYCIN DIHYDROCHLORIDE
140,7,140.7,ACECLIDINE
140,8,140.8,PHENACETIN
141,3,141.3,BETAHISTINE HYDROCHLORIDE
141,4,141.4,LIDOCAINE HYDROCHLORIDE
141,5,141.5,ADENINE
141,6,141.6,ETOPOSIDE
141,7,141.7,FENOTEROL HYDROBROMIDE
141,8,141.8,MEFEXAMIDE HYDROCHLORIDE
142,3,142.3,TRAMIPROSATE
142,4,142.4,CHLOROQUINE DIPHOSPHATE
142,5,142.5,MOLSIDOMINE
142,6,142.6,PHENTOLAMINE HYDROCHLORIDE
142,7,142.7,AMINACRINE
142,8,142.8,DEHYDROCHOLIC ACID
143,3,143.3,FENBUFEN
143,4,143.4,PROBUCOL
143,5,143.5,ATENOLOL
143,6,143.6,PHENYLMERCURIC ACETATE
143,7,143.7,MYCOPHENOLIC ACID
143,8,143.8,NALIDIXIC ACID
144,3,144.3,BEKANAMYCIN SULFATE
144,4,144.4,AZATADINE MALEATE
144,5,144.5,FENOFIBRATE
144,6,144.6,MEBENDAZOLE
144,7,144.7,CAPSAICIN
144,8,144.8,AZELAIC ACID
145,3,145.3,INDOPROFEN
145,4,145.4,BUTAMBEN
145,5,145.5,BUDESONIDE
145,6,145.6,FLUMEQUINE
145,7,145.7,FENOPROFEN
145,8,145.8,PROPOXYCAINE HYDROCHLORIDE
146,3,146.3,CARBETAPENTANE CITRATE
146,4,146.4,PROPANTHELINE BROMIDE
146,5,146.5,QUINIDINE GLUCONATE
146,6,146.6,SCOPOLAMINE HYDROBROMIDE
146,7,146.7,SULFAMERAZINE
146,8,146.8,TAMOXIFEN CITRATE
147,3,147.3,THIOTHIXENE
147,4,147.4,TRIAMCINOLONE ACETONIDE
147,5,147.5,TRIPELENNAMINE CITRATE
147,6,147.6,DEXPROPRANOLOL HYDROCHLORIDE
147,7,147.7,QUININE
147,8,147.8,SALICYLIC ACID
148,3,148.3,SULFAMETHAZINE
148,4,148.4,TERBUTALINE HEMISULFATE
148,5,148.5,TIMOLOL MALEATE
148,6,148.6,RILUZOLE
148,7,148.7,TRIPROLIDINE HYDROCHLORIDE
148,8,148.8,PROPYLTHIOURACIL
149,3,149.3,RACEPHEDRINE HYDROCHLORIDE
149,4,149.4,SISOMICIN SULFATE
149,5,149.5,SULFAMETHIZOLE
149,6,149.6,TETRACAINE HYDROCHLORIDE
149,7,149.7,TOBRAMYCIN
149,8,149.8,TRIAMTERENE
150,3,150.3,TROPICAMIDE
150,4,150.4,beta-CAROTENE [2mM]
150,5,150.5,RESERPINE
150,6,150.6,SPECTINOMYCIN HYDROCHLORIDE
150,7,150.7,SULFAMETHOXAZOLE
150,8,150.8,TETRACYCLINE HYDROCHLORIDE
151,3,151.3,TOLAZOLINE HYDROCHLORIDE
151,4,151.4,TRICHLORMETHIAZIDE
151,5,151.5,TRYPTOPHAN (L)
151,6,151.6,PYRANTEL PAMOATE
151,7,151.7,RESORCINOL
151,8,151.8,SPIRONOLACTONE
152,3,152.3,SULFAPYRIDINE
152,4,152.4,TETRAHYDROZOLINE HYDROCHLORIDE
152,5,152.5,TOLBUTAMIDE
152,6,152.6,TRIFLUOPERAZINE HYDROCHLORIDE
152,7,152.7,TUAMINOHEPTANE SULFATE
152,8,152.8,PYRAZINAMIDE
153,3,153.3,RIFAMPIN
153,4,153.4,STREPTOMYCIN SULFATE [5mM; 10% aq DMSO + 5mM ethanolamine]
153,5,153.5,SULFASALAZINE
153,6,153.6,THEOPHYLLINE
153,7,153.7,TOLMETIN SODIUM
153,8,153.8,TRIHEXYPHENIDYL HYDROCHLORIDE
154,3,154.3,TUBOCURARINE CHLORIDE
154,4,154.4,PYRILAMINE MALEATE
154,5,154.5,ROXARSONE
154,6,154.6,STREPTOZOSIN
154,7,154.7,SULFATHIAZOLE
154,8,154.8,THIABENDAZOLE
155,3,155.3,TOLNAFTATE
155,4,155.4,TRIMEPRAZINE TARTRATE
155,5,155.5,UREA
155,6,155.6,PYRIMETHAMINE
155,7,155.7,SALICYL ALCOHOL
155,8,155.8,SULFABENZAMIDE
156,3,156.3,SULFINPYRAZONE
156,4,156.4,THIMEROSAL
156,5,156.5,TRANYLCYPROMINE SULFATE
156,6,156.6,TRIMETHOBENZAMIDE HYDROCHLORIDE
156,7,156.7,URSODIOL
156,8,156.8,PYRVINIUM PAMOATE
157,3,157.3,SALICYLAMIDE
157,4,157.4,SULFACETAMIDE
157,5,157.5,SULFISOXAZOLE
157,6,157.6,THIOGUANINE
157,7,157.7,TRIACETIN
157,8,157.8,TRIMETHOPRIM
158,3,158.3,VALPROATE SODIUM
158,4,158.4,QUINACRINE HYDROCHLORIDE
158,5,158.5,SODIUM SALICYLATE
158,6,158.6,SULFADIAZINE
158,7,158.7,SULINDAC
158,8,158.8,THIORIDAZINE HYDROCHLORIDE
159,3,159.3,TRIAMCINOLONE
159,4,159.4,TRIOXSALEN
159,5,159.5,VANCOMYCIN HYDROCHLORIDE
159,6,159.6,METHOXSALEN
159,7,159.7,MINOCYCLINE HYDROCHLORIDE
159,8,159.8,NIFEDIPINE
160,3,160.3,NORGESTREL
160,4,160.4,OXYPHENBUTAZONE
160,5,160.5,PHENELZINE SULFATE
160,6,160.6,PINDOLOL
160,7,160.7,PRIMAQUINE PHOSPHATE
160,8,160.8,METHSCOPOLAMINE BROMIDE
161,3,161.3,MOXALACTAM DISODIUM
161,4,161.4,NITROFURANTOIN
161,5,161.5,NOSCAPINE HYDROCHLORIDE
161,6,161.6,OXYQUINOLINE HEMISULFATE
161,7,161.7,PHENINDIONE
161,8,161.8,PIPERACILLIN SODIUM
162,3,162.3,PRIMIDONE
162,4,162.4,METHYLDOPA
162,5,162.5,NADIDE
162,6,162.6,NITROFURAZONE
162,7,162.7,NOVOBIOCIN SODIUM
162,8,162.8,OXYTETRACYCLINE
163,3,163.3,PHENIRAMINE MALEATE
163,4,163.4,PIPERAZINE
163,5,163.5,PROBENECID
163,6,163.6,METHYLERGONOVINE MALEATE
163,7,163.7,NAFCILLIN SODIUM
163,8,163.8,NITROMIDE
164,3,164.3,NYLIDRIN HYDROCHLORIDE
164,4,164.4,PAPAVERINE HYDROCHLORIDE
164,5,164.5,PHENOLPHTHALEIN
164,6,164.6,PIROXICAM
164,7,164.7,PROCAINAMIDE HYDROCHLORIDE
164,8,164.8,METHYLPREDNISOLONE
165,3,165.3,NALOXONE HYDROCHLORIDE
165,4,165.4,NOREPINEPHRINE
165,5,165.5,NYSTATIN
165,6,165.6,PARACHLOROPHENOL
165,7,165.7,PHENYLBUTAZONE
165,8,165.8,POLYMYXIN B SULFATE
166,3,166.3,PROCAINE HYDROCHLORIDE
166,4,166.4,METHYLTHIOURACIL
166,5,166.5,NAPHAZOLINE HYDROCHLORIDE
166,6,166.6,NORETHINDRONE
166,7,166.7,ORPHENADRINE CITRATE
166,8,166.8,PARGYLINE HYDROCHLORIDE
167,3,167.3,PHENYLEPHRINE HYDROCHLORIDE
167,4,167.4,PRAZIQUANTEL
167,5,167.5,PROCHLORPERAZINE EDISYLATE
167,6,167.6,METOCLOPRAMIDE HYDROCHLORIDE
167,7,167.7,NAPROXEN(+)
167,8,167.8,NORETHINDRONE ACETATE
168,3,168.3,OXACILLIN SODIUM
168,4,168.4,PENICILLIN G POTASSIUM
168,5,168.5,"1S,2R-PHENYLPROPANOLAMINE HYDROCHLORIDE"
168,6,168.6,PRAZOSIN HYDROCHLORIDE
168,7,168.7,PROCYCLIDINE HYDROCHLORIDE
168,8,168.8,METOPROLOL TARTRATE
169,3,169.3,NEOMYCIN SULFATE
169,4,169.4,NORTRIPTYLINE HYDROCHLORIDE
169,5,169.5,OXIDOPAMINE HYDROCHLORIDE
169,6,169.6,PENICILLIN V POTASSIUM
169,7,169.7,PHENYTOIN SODIUM
169,8,169.8,PREDNISOLONE
170,3,170.3,PROGESTERONE
170,4,170.4,METRONIDAZOLE
170,5,170.5,NEOSTIGMINE BROMIDE
170,6,170.6,NORETHYNODREL
170,7,170.7,OXYBENZONE
170,8,170.8,PHENACEMIDE
171,3,171.3,APIXABAN
171,4,171.4,PREDNISOLONE ACETATE
171,5,171.5,PROMAZINE HYDROCHLORIDE
171,6,171.6,MICONAZOLE NITRATE
171,7,171.7,NIACIN
171,8,171.8,NORFLOXACIN
172,3,172.3,OXYMETAZOLINE HYDROCHLORIDE
172,4,172.4,PHENAZOPYRIDINE HYDROCHLORIDE
172,5,172.5,PILOCARPINE NITRATE
172,6,172.6,PREDNISONE
172,7,172.7,PROMETHAZINE HYDROCHLORIDE
172,8,172.8,ETHINYL ESTRADIOL
173,3,173.3,DORAMECTIN
173,4,173.4,GRAMICIDIN (gramicidin A shown)
173,5,173.5,HOMATROPINE METHYLBROMIDE
173,6,173.6,IBUPROFEN
173,7,173.7,ISOPROTERENOL HYDROCHLORIDE
173,8,173.8,MAPROTILINE HYDROCHLORIDE
174,3,174.3,MERCAPTOPURINE
174,4,174.4,ETHIONAMIDE
174,5,174.5,FLUOROURACIL
174,6,174.6,GUAIFENESIN
174,7,174.7,HYDROCHLOROTHIAZIDE
174,8,174.8,IMIPRAMINE HYDROCHLORIDE
175,3,175.3,ISOSORBIDE DINITRATE
175,4,175.4,MECAMYLAMINE HYDROCHLORIDE
175,5,175.5,MESTRANOL
175,6,175.6,ETHOPROPAZINE HYDROCHLORIDE
175,7,175.7,FLURBIPROFEN
175,8,175.8,GUANABENZ ACETATE
176,3,176.3,HYDROCORTISONE ACETATE
176,4,176.4,INDAPAMIDE
176,5,176.5,ISOXSUPRINE HYDROCHLORIDE
176,6,176.6,MECHLORETHAMINE
176,7,176.7,METAPROTERENOL
176,8,176.8,EUCALYPTOL
177,3,177.3,FURAZOLIDONE
177,4,177.4,HALAZONE
177,5,177.5,HYDROCORTISONE HEMISUCCINATE
177,6,177.6,INDOMETHACIN
177,7,177.7,KANAMYCIN A SULFATE
177,8,177.8,MECLIZINE HYDROCHLORIDE
178,3,178.3,METHACHOLINE CHLORIDE
178,4,178.4,SEMUSTINE
178,5,178.5,FUROSEMIDE
178,6,178.6,HALOPERIDOL
178,7,178.7,HYDROCORTISONE PHOSPHATE TRIETHYLAMINE
178,8,178.8,CANAGLIFLOZIN
179,3,179.3,KETOCONAZOLE
179,4,179.4,MECLOFENAMATE SODIUM
179,5,179.5,METHENAMINE
179,6,179.6,EUGENOL
179,7,179.7,FUSIDIC ACID
179,8,179.8,HETACILLIN POTASSIUM
180,3,180.3,HYDROFLUMETHIAZIDE
180,4,180.4,INOSITOL
180,5,180.5,LACTULOSE
180,6,180.6,MEDROXYPROGESTERONE ACETATE
180,7,180.7,METHICILLIN SODIUM
180,8,180.8,FLUDROCORTISONE ACETATE
181,3,181.3,GALLAMINE TRIETHIODIDE
181,4,181.4,HEXACHLOROPHENE
181,5,181.5,HYDROXYPROGESTERONE CAPROATE
181,6,181.6,IODOQUINOL
181,7,181.7,LEUCOVORIN CALCIUM
181,8,181.8,MEDRYSONE
182,3,182.3,METHIMAZOLE
182,4,182.4,FLUMETHAZONE PIVALATE
182,5,182.5,GEMFIBROZIL
182,6,182.6,HEXYLRESORCINOL
182,7,182.7,HYDROXYUREA
182,8,182.8,IPRATROPIUM BROMIDE
183,3,183.3,LEVONORDEFRIN
183,4,183.4,MEGESTROL ACETATE
183,5,183.5,METHOCARBAMOL
183,6,183.6,FLUOCINOLONE ACETONIDE
183,7,183.7,GENTIAN VIOLET
183,8,183.8,HISTAMINE DIHYDROCHLORIDE
184,3,184.3,HYDROXYZINE PAMOATE
184,4,184.4,ISONIAZID
184,5,184.5,LINCOMYCIN HYDROCHLORIDE
184,6,184.6,MELPHALAN
184,7,184.7,METHOTREXATE(+/-)
184,8,184.8,FLUOCINONIDE
185,3,185.3,GLUCOSAMINE HYDROCHLORIDE
185,4,185.4,HOMATROPINE HYDROBROMIDE
185,5,185.5,HYOSCYAMINE
185,6,185.6,ISOPROPAMIDE IODIDE
185,7,185.7,MAFENIDE HYDROCHLORIDE
185,8,185.8,MEPENZOLATE BROMIDE
186,3,186.3,METHOXAMINE HYDROCHLORIDE
186,4,186.4,CHLORTETRACYCLINE HYDROCHLORIDE
186,5,186.5,CLOTRIMAZOLE
186,6,186.6,CYCLOPENTOLATE HYDROCHLORIDE
186,7,186.7,DEHYDROCHOLATE SODIUM
186,8,186.8,DICLOXACILLIN SODIUM
187,3,187.3,DIMERCAPROL
187,4,187.4,DOXYCYCLINE HYDROCHLORIDE
187,5,187.5,ERGONOVINE MALEATE
187,6,187.6,CHLORTHALIDONE
187,7,187.7,CLOXACILLIN SODIUM
187,8,187.8,CYCLOPHOSPHAMIDE
188,3,188.3,DEMECLOCYCLINE HYDROCHLORIDE
188,4,188.4,DICYCLOMINE HYDROCHLORIDE
188,5,188.5,DIMETHADIONE
188,6,188.6,DOXYLAMINE SUCCINATE
188,7,188.7,ERYTHROMYCIN ETHYLSUCCINATE
188,8,188.8,CHLORZOXAZONE
189,3,189.3,CLOXYQUIN
189,4,189.4,CYCLOSERINE (D)
189,5,189.5,DESIPRAMINE HYDROCHLORIDE
189,6,189.6,DIENESTROL
189,7,189.7,DIOXYBENZONE
189,8,189.8,DYCLONINE HYDROCHLORIDE
190,3,190.3,ERYTHROMYCIN
190,4,190.4,CICLOPIROX OLAMINE
190,5,190.5,COLCHICINE
190,6,190.6,CYPROTERONE ACETATE
190,7,190.7,DEXAMETHASONE
190,8,190.8,DIETHYLCARBAMAZINE CITRATE
191,3,191.3,DIPHENHYDRAMINE HYDROCHLORIDE
191,4,191.4,DYPHYLLINE
191,5,191.5,ESTRADIOL
191,6,191.6,CINOXACIN
191,7,191.7,COLISTIMETHATE SODIUM
191,8,191.8,CYTARABINE
192,3,192.3,DEXAMETHASONE ACETATE
192,4,192.4,DIETHYLSTILBESTROL
192,5,192.5,DIPHENYLPYRALINE HYDROCHLORIDE
192,6,192.6,ETHYLENEDIAMINE TETRACETATE TETRA-ETHANOLAMINE
192,7,192.7,ESTRADIOL CYPIONATE
192,8,192.8,CLEMASTINE FUMARATE
193,3,193.3,CORTISONE ACETATE
193,4,193.4,DACARBAZINE
193,5,193.5,DEXAMETHASONE SODIUM PHOSPHATE
193,6,193.6,DIFLUNISAL
193,7,193.7,DIPYRIDAMOLE
193,8,193.8,EMETINE DIHYDROCHLORIDE
194,3,194.3,ESTRADIOL VALERATE
194,4,194.4,CLIDINIUM BROMIDE
194,5,194.5,COTININE
194,6,194.6,DANAZOL
194,7,194.7,DEXTROMETHORPHAN HYDROBROMIDE
194,8,194.8,DIGITOXIN
195,3,195.3,PYRITHIONE ZINC
195,4,195.4,"EPHEDRINE (1R,2S) HYDROCHLORIDE"
195,5,195.5,ESTRIOL
195,6,195.6,CLINDAMYCIN HYDROCHLORIDE
195,7,195.7,CRESOL
195,8,195.8,DAPSONE
196,3,196.3,DIBENZOTHIOPHENE
196,4,196.4,DIGOXIN
196,5,196.5,DISULFIRAM
196,6,196.6,EPINEPHRINE BITARTRATE
196,7,196.7,ESTRONE
196,8,196.8,CLOMIPHENE CITRATE
197,3,197.3,CROMOLYN SODIUM
197,4,197.4,DAUNORUBICIN
197,5,197.5,DIBUCAINE HYDROCHLORIDE
197,6,197.6,DIHYDROERGOTAMINE MESYLATE
197,7,197.7,DOPAMINE HYDROCHLORIDE
197,8,197.8,DOMPERIDONE
198,3,198.3,ETHACRYNIC ACID
198,4,198.4,CLONIDINE HYDROCHLORIDE
198,5,198.5,CYCLIZINE
198,6,198.6,DEFEROXAMINE MESYLATE
198,7,198.7,DICLOFENAC SODIUM
198,8,198.8,DIMENHYDRINATE
199,3,199.3,DOXEPIN HYDROCHLORIDE
199,4,199.4,ERGOCALCIFEROL
199,5,199.5,ETHAMBUTOL HYDROCHLORIDE
199,6,199.6,GRISEOFULVIN
199,7,199.7,TESTOSTERONE
199,8,199.8,ALLOPURINOL
200,3,200.3,AMODIAQUINE DIHYDROCHLORIDE
200,4,200.4,BACITRACIN
200,5,200.5,BITHIONATE SODIUM
200,6,200.6,CEFADROXIL
200,7,200.7,CHLORAMPHENICOL SODIUM SUCCINATE
200,8,200.8,SALSALATE
201,3,201.3,SANGUINARIUM CHLORIDE
201,4,201.4,ALVERINE CITRATE
201,5,201.5,AMOXICILLIN
201,6,201.6,BECLOMETHASONE DIPROPIONATE
201,7,201.7,BROMOCRIPTINE MESYLATE
201,8,201.8,CEFAZOLIN SODIUM
202,3,202.3,CHLORAMPHENICOL
202,4,202.4,DANTHRON
202,5,202.5,MITOMYCIN
202,6,202.6,AMANTADINE HYDROCHLORIDE
202,7,202.7,AMPHOTERICIN B
202,8,202.8,BENSERAZIDE HYDROCHLORIDE
203,3,203.3,BUSULFAN
203,4,203.4,CEFOTAXIME SODIUM
203,5,203.5,NORGESTIMATE
203,6,203.6,MEQUINOL
203,7,203.7,SODIUM NITROPRUSSIDE
203,8,203.8,DOCETAXEL
204,3,204.3,AMPICILLIN SODIUM
204,4,204.4,BENZETHONIUM CHLORIDE
204,5,204.5,CAFFEINE
204,6,204.6,CEPHALOTHIN SODIUM
204,7,204.7,CHLORHEXIDINE DIHYDROCHLORIDE
204,8,204.8,HYDROCORTISONE
205,3,205.3,SODIUM OXYBATE
205,4,205.4,AMILORIDE HYDROCHLORIDE
205,5,205.5,ANTHRALIN
205,6,205.6,BENZOCAINE
205,7,205.7,CAMPHOR (1R)
205,8,205.8,CEPHAPIRIN SODIUM
206,3,206.3,CHLOROCRESOL
206,4,206.4,DESOXYCORTICOSTERONE ACETATE
206,5,206.5,MANNITOL
206,6,206.6,POTASSIUM p-AMINOBENZOATE
206,7,206.7,ANTIPYRINE
206,8,206.8,BENZTHIAZIDE
207,3,207.3,CARBACHOL
207,4,207.4,ACETAZOLAMIDE
207,5,207.5,CHLOROTHIAZIDE
207,6,207.6,TESTOSTERONE PROPIONATE
207,7,207.7,ACETAMINOPHEN
207,8,207.8,AMINOCAPROIC ACID HYDROCHLORIDE
208,3,208.3,APOMORPHINE HYDROCHLORIDE
208,4,208.4,BETAMETHASONE
208,5,208.5,CARBAMAZEPINE
208,6,208.6,CEPHRADINE
208,7,208.7,CHLOROXYLENOL
208,8,208.8,SPARTEINE SULFATE
209,3,209.3,ACETYLCHOLINE CHLORIDE
209,4,209.4,AMINOGLUTETHIMIDE
209,5,209.5,ASPIRIN
209,6,209.6,BETAMETHASONE VALERATE
209,7,209.7,CARBENICILLIN DISODIUM
209,8,209.8,CETYLPYRIDINIUM CHLORIDE
210,3,210.3,DEXCHLORPHENIRAMINE MALEATE
210,4,210.4,SALICYLANILIDE
210,5,210.5,ACETYLCYSTEINE
210,6,210.6,AMINOSALICYLATE SODIUM
210,7,210.7,ATROPINE SULFATE
210,8,210.8,BETHANECHOL CHLORIDE
211,3,211.3,CARBINOXAMINE MALEATE
211,4,211.4,CHLORAMBUCIL
211,5,211.5,CHLORPROMAZINE
211,6,211.6,PHENYL AMINOSALICYLATE
211,7,211.7,ADENOSINE
211,8,211.8,AMITRIPTYLINE HYDROCHLORIDE
212,3,212.3,AZATHIOPRINE
212,4,212.4,BISACODYL
212,5,212.5,CARISOPRODOL
212,6,212.6,CHLORAMPHENICOL PALMITATE
212,7,212.7,CHLORPROPAMIDE
212,8,212.8,NULL
213,3,213.3,THIOSTREPTON
213,4,213.4,ROPINIROLE HYDROCHLORIDE
213,5,213.5,NULL
213,6,213.6,NULL
213,7,213.7,NULL
213,8,213.8,NULL